{
	"__comment": "Designed by Sphax with Cubik for PureBDcraft - http://bdcraft.net",
	"parent": "block/block",
	"ambientocclusion": false,
	"textures": {
		"particle": "blocks/glass",
		"glass": "blocks/glass",
		"obsidian": "blocks/obsidian",
		"beacon": "blocks/beacon",
		"beacon01": "blocks/bdc_beacon01",
		"beacon02": "blocks/bdc_beacon02",
		"beacon03": "blocks/bdc_beacon03",
		"beacon04": "blocks/bdc_beacon04"
	},
	"elements": [
		{
			"__comment": "Inner beacon texture",
			"from": [ 3, 4, 3 ],
			"to": [ 13, 14, 13 ],
			"faces": {
				"down": { "uv": [ 3, 3, 13, 13 ], "texture": "#beacon04" },
				"up": { "uv": [ 3, 3, 13, 13 ], "texture": "#beacon04" },
				"north": { "uv": [ 3, 2, 13, 13 ], "texture": "#beacon" },
				"south": { "uv": [ 3, 2, 13, 13 ], "texture": "#beacon01" },
				"west": { "uv": [ 3, 2, 13, 13 ], "texture": "#beacon02" },
				"east": { "uv": [ 3, 2, 13, 13 ], "texture": "#beacon03" }
			}
		},
		{
			"__comment": "Obsidian base",
			"from": [ 2, 0.09999999, 2 ],
			"to": [ 14, 3, 14 ],
			"faces": {
				"down": { "uv": [ 2, 2, 14, 14 ], "texture": "#obsidian" },
				"up": { "uv": [ 2, 2, 14, 14 ], "texture": "#obsidian" },
				"north": { "uv": [ 2, 13, 14, 16 ], "texture": "#obsidian" },
				"south": { "uv": [ 2, 13, 14, 16 ], "texture": "#obsidian" },
				"west": { "uv": [ 2, 13, 14, 16 ], "texture": "#obsidian" },
				"east": { "uv": [ 2, 13, 14, 16 ], "texture": "#obsidian" }
			}
		},
		{
			"__comment": "Glass shell",
			"from": [ 0, 0, 0 ],
			"to": [ 16, 16, 16 ],
			"faces": {
				"down": { "uv": [ 0, 0, 16, 16 ], "texture": "#glass" },
				"up": { "uv": [ 0, 0, 16, 16 ], "texture": "#glass" },
				"north": { "uv": [ 0, 0, 16, 16 ], "texture": "#glass" },
				"south": { "uv": [ 0, 0, 16, 16 ], "texture": "#glass" },
				"west": { "uv": [ 0, 0, 16, 16 ], "texture": "#glass" },
				"east": { "uv": [ 0, 0, 16, 16 ], "texture": "#glass" }
			}
		}
	]
}