{
"textures": {
    "particle": "blocks/hopper_outside",
    "top": "blocks/hopper_top",
    "inside": "blocks/cauldron_inner",
    "side": "blocks/hopper_outside",
    "cauldron_top": "blocks/cauldron_top"
},
"elements": [ 
{
    "from": [ 0, 10, 0 ],
    "to": [ 16, 11, 16 ],
    "faces": {
        "down":  { "uv": [ 0, 0, 16, 16 ], "texture": "#top" },
        "up":    { "uv": [ 0, 0, 16, 16 ], "texture": "#inside" },
        "north": { "uv": [ 0, 5, 16, 6 ], "texture": "#side", "cullface": "north" },
        "south": { "uv": [ 0, 5, 16, 6 ], "texture": "#side", "cullface": "south" },
        "west":  { "uv": [ 0, 5, 16, 6 ], "texture": "#side", "cullface": "west" },
        "east":  { "uv": [ 0, 5, 16, 6 ], "texture": "#side", "cullface": "east" }
    }
},
{
    "from": [ 0, 11, 0 ],
    "to": [ 2, 16, 16 ],
    "faces": {
        "up":    { "uv": [ 0, 0, 2, 16 ], "texture": "#cauldron_top", "cullface": "up" },
        "north": { "uv": [ 14, 0, 16, 5 ], "texture": "#side", "cullface": "north" },
        "south": { "uv": [ 0, 0, 2, 5 ], "texture": "#side", "cullface": "south" },
        "west":  { "uv": [ 0, 0, 16, 5 ], "texture": "#side", "cullface": "west" },
        "east":  { "uv": [ 0, 0, 16, 5 ], "texture": "#side" }
    }
},
{
    "from": [ 14, 11, 0 ],
    "to": [ 16, 16, 16 ],
    "faces": {
        "up":    { "uv": [ 14, 0, 16, 16 ], "texture": "#cauldron_top", "cullface": "up" },
        "north": { "uv": [ 0, 0, 2, 5 ], "texture": "#side", "cullface": "north" },
        "south": { "uv": [ 14, 0, 16, 5 ], "texture": "#side", "cullface": "south" },
        "west":  { "uv": [ 0, 0, 16, 5 ], "texture": "#side" },
        "east":  { "uv": [ 0, 0, 16, 5 ], "texture": "#side", "cullface": "east" }
    }
},
{
    "from": [ 2, 11, 0 ],
    "to": [ 14, 16, 2 ],
    "faces": {
        "up":    { "uv": [ 2, 0, 14, 2 ], "texture": "#cauldron_top", "cullface": "up" },
        "north": { "uv": [ 2, 0, 14, 5 ], "texture": "#side", "cullface": "north" },
        "south": { "uv": [ 2, 0, 14, 5 ], "texture": "#side" }
    }
},
{
    "from": [ 2, 11, 14 ],
    "to": [ 14, 16, 16 ],
    "faces": {
        "up":    { "uv": [ 2, 14, 14, 16 ], "texture": "#cauldron_top", "cullface": "up" },
        "north": { "uv": [ 2, 0, 14, 5 ], "texture": "#side" },
        "south": { "uv": [ 2, 0, 14, 5 ], "texture": "#side", "cullface": "south" }
    }
},
{
    "from": [ 4, 4, 4 ],
    "to": [ 12, 10, 12 ],
    "faces": {
        "down":  { "uv": [ 4, 4, 12, 12 ], "texture": "#top" },
        "north": { "uv": [ 0, 6, 8, 12 ], "texture": "#side" },
        "south": { "uv": [ 0, 6, 8, 12 ], "texture": "#side" },
        "west":  { "uv": [ 0, 6, 8, 12 ], "texture": "#side" },
        "east":  { "uv": [ 0, 6, 8, 12 ], "texture": "#side" }
    }
},
{
    "from": [ 6, 0, 6 ],
    "to": [ 10, 4, 10 ],
    "faces": {
        "down":  { "uv": [ 6, 6, 10, 10 ], "texture": "#inside", "cullface": "down" },
        "north": { "uv": [ 6, 6, 10, 10 ], "texture": "#top" },
        "south": { "uv": [ 6, 6, 10, 10 ], "texture": "#top" },
        "west":  { "uv": [ 6, 6, 10, 10 ], "texture": "#top" },
        "east":  { "uv": [ 6, 6, 10, 10 ], "texture": "#top" }
    }
}
]
}