{
"textures": {
    "particle": "blocks/iron_bars",
    "bars": "blocks/iron_bars"
},
"elements": [ 
{
    "from": [ 9, 7, 7 ],
    "to": [ 10, 9, 9 ],
    "faces": {
        "down":  { "uv": [ 1, 2, 0, 0 ], "texture": "#bars" },
        "up":    { "uv": [ 1, 0, 2, 2 ], "texture": "#bars" },
        "north": { "uv": [ 0, 0, 1, 2 ], "texture": "#bars" },
        "south": { "uv": [ 1, 0, 2, 2 ], "texture": "#bars" },
        "east":  { "uv": [ 0, 0, 2, 2 ], "texture": "#bars" }
    }
}
]
}